0 strains,1 strain,2 strains,3 strains,4 strains,5 strains,6+ strains
0.1353352832366127,0.28278431062674836,0.28220408451571094,0.1793916362847235,0.08172909563542519,0.028465155323010822,0.010090434377768503
0.1353319184,0.2827983452,0.2821988632,0.17938818106666668,0.0817260316,0.02846809226666667,0.010088568266666667
0.13533884906666666,0.2828169401333333,0.2822337612,0.17938802173333332,0.081700774,0.028446397999999998,0.010075255866666665
0.13534243973333332,0.28589002360000004,0.2849583806666667,0.17878480466666666,0.07945546413333333,0.026689391200000002,0.008879496
0.13533756786666667,0.298749422,0.28853486079999996,0.1731596712,0.07332233493333333,0.02348675373333333,0.007409389466666667
0.13536060413333334,0.28282506413333336,0.28219629293333337,0.17936617373333336,0.08171282693333334,0.02845379586666667,0.010085242266666666
0.13830266493333332,0.28571542986666665,0.2818987233333333,0.17718011213333335,0.07981210173333333,0.027484619999999998,0.009606348
0.150190624,0.29242028600000003,0.2782545630666667,0.17017038666666665,0.07496654186666667,0.025327604,0.0086699944
